{"initial_reset_timestamp": 5623130.878688159, "timestamps": [5623136.488923464, 5623143.642017526, 5623143.753503843, 5623143.776325687, 5623143.804722086, 5623143.832180634, 5623143.855954693, 5623143.883387089, 5623151.36311429, 5623151.489252904, 5623151.514050435, 5623151.536080573, 5623151.566038711, 5623151.587974786, 5623151.616170351, 5623151.643867897, 5623151.67364155, 5623151.691984338, 5623151.718966793, 5623151.731125934, 5623151.751148546, 5623151.778252573, 5623151.807811125, 5623151.818846849, 5623151.845672235, 5623151.866906323, 5623151.873582592, 5623159.436720927, 5623159.562813178, 5623159.586775965, 5623159.602466673, 5623159.626052175, 5623159.650280468, 5623159.674059077, 5623159.692787468, 5623159.716825973, 5623159.743845423, 5623159.768611721, 5623159.795828638, 5623159.822684827, 5623159.837949683, 5623159.859410919, 5623159.881691409, 5623159.908800744, 5623159.929320211, 5623159.947321861, 5623159.968640379, 5623159.982193543, 5623160.009225534, 5623160.034284252, 5623160.044260239, 5623160.071336199, 5623160.090274456, 5623160.112489146, 5623160.141808116, 5623160.16357427, 5623160.181604674, 5623160.207626346, 5623160.236928861, 5623160.262825673, 5623160.280876134, 5623160.295484686, 5623160.325501797, 5623160.357460167, 5623166.295915352, 5623166.405563247, 5623166.426357981, 5623166.457022539, 5623166.477639844, 5623166.495163119, 5623166.5233348, 5623166.551332157, 5623166.582672219, 5623166.610168995, 5623166.637507026, 5623166.664793952, 5623166.687845718, 5623166.715071231, 5623166.741345471, 5623166.768484647, 5623166.790824836, 5623166.82048097, 5623166.847833464, 5623166.873562948, 5623166.900915033, 5623166.922340394, 5623166.925852005, 5623166.9547055, 5623166.982013722, 5623167.009272328, 5623167.033001546, 5623167.05508192, 5623167.082041759, 5623167.10908964, 5623167.122623366, 5623167.144527162, 5623167.162479323, 5623167.191921082, 5623167.214805691, 5623167.237380075], "episode_lengths": [131, 200, 130, 158, 200, 194, 124, 200, 200, 200, 171, 152, 200, 161, 200, 200, 200, 136, 200, 89, 146, 200, 200, 82, 200, 158, 48, 200, 134, 166, 93, 171, 178, 175, 138, 159, 200, 182, 200, 200, 113, 141, 165, 200, 150, 131, 140, 100, 200, 182, 72, 200, 120, 151, 200, 149, 123, 163, 200, 178, 123, 95, 200, 200, 160, 114, 143, 200, 145, 129, 184, 200, 200, 200, 200, 200, 152, 200, 191, 200, 163, 200, 200, 188, 200, 140, 25, 200, 200, 200, 173, 125, 198, 200, 100, 159, 131, 200, 168, 164], "episode_rewards": [131.0, 200.0, 130.0, 158.0, 200.0, 194.0, 124.0, 200.0, 200.0, 200.0, 171.0, 152.0, 200.0, 161.0, 200.0, 200.0, 200.0, 136.0, 200.0, 89.0, 146.0, 200.0, 200.0, 82.0, 200.0, 158.0, 48.0, 200.0, 134.0, 166.0, 93.0, 171.0, 178.0, 175.0, 138.0, 159.0, 200.0, 182.0, 200.0, 200.0, 113.0, 141.0, 165.0, 200.0, 150.0, 131.0, 140.0, 100.0, 200.0, 182.0, 72.0, 200.0, 120.0, 151.0, 200.0, 149.0, 123.0, 163.0, 200.0, 178.0, 123.0, 95.0, 200.0, 200.0, 160.0, 114.0, 143.0, 200.0, 145.0, 129.0, 184.0, 200.0, 200.0, 200.0, 200.0, 200.0, 152.0, 200.0, 191.0, 200.0, 163.0, 200.0, 200.0, 188.0, 200.0, 140.0, 25.0, 200.0, 200.0, 200.0, 173.0, 125.0, 198.0, 200.0, 100.0, 159.0, 131.0, 200.0, 168.0, 164.0], "episode_types": ["t", "t", "t", "t", "t", "t", "t", "t", "t", "t", "t", "t", "t", "t", "t", "t", "t", "t", "t", "t", "t", "t", "t", "t", "t", "t", "t", "t", "t", "t", "t", "t", "t", "t", "t", "t", "t", "t", "t", "t", "t", "t", "t", "t", "t", "t", "t", "t", "t", "t", "t", "t", "t", "t", "t", "t", "t", "t", "t", "t", "t", "t", "t", "t", "t", "t", "t", "t", "t", "t", "t", "t", "t", "t", "t", "t", "t", "t", "t", "t", "t", "t", "t", "t", "t", "t", "t", "t", "t", "t", "t", "t", "t", "t", "t", "t", "t", "t", "t", "t"]}