{"initial_reset_timestamp": 6136736.724042325, "timestamps": [6136737.925292004, 6136738.982773711, 6136739.406757712, 6136739.600323783, 6136739.801875274, 6136740.576245399, 6136741.200258587, 6136741.594146709, 6136742.160240266, 6136742.39304304, 6136743.147750542, 6136743.752647232, 6136744.133811877, 6136744.31647729, 6136744.509950839, 6136745.26274832, 6136745.862826337, 6136746.251074762, 6136746.437038986, 6136746.635464119, 6136747.412817386, 6136748.019483126, 6136748.400897544, 6136748.582995348, 6136748.778820171, 6136749.533635241, 6136750.13776939, 6136750.927342367, 6136751.157804494, 6136751.364919287, 6136752.159212662, 6136752.788543386, 6136753.18410516, 6136753.373155464, 6136753.57250453, 6136754.348571217, 6136754.968045589, 6136755.365301723, 6136755.554251236, 6136755.753358952, 6136756.541779209, 6136757.160490318, 6136757.55303719, 6136757.739194606, 6136757.939729903, 6136758.713388538, 6136759.335937817, 6136759.72729093, 6136759.912963074, 6136760.115520754], "episode_lengths": [227, 183, 116, 55, 59, 227, 183, 116, 55, 59, 227, 183, 116, 55, 59, 227, 183, 116, 55, 59, 227, 183, 116, 55, 59, 227, 183, 116, 55, 59, 227, 183, 116, 55, 59, 227, 183, 116, 55, 59, 227, 183, 116, 55, 59, 227, 183, 116, 55, 59], "episode_rewards": [7.0, 5.0, 3.0, 1.0, 2.0, 7.0, 5.0, 3.0, 1.0, 2.0, 7.0, 5.0, 3.0, 1.0, 2.0, 7.0, 5.0, 3.0, 1.0, 2.0, 7.0, 5.0, 3.0, 1.0, 2.0, 7.0, 5.0, 3.0, 1.0, 2.0, 7.0, 5.0, 3.0, 1.0, 2.0, 7.0, 5.0, 3.0, 1.0, 2.0, 7.0, 5.0, 3.0, 1.0, 2.0, 7.0, 5.0, 3.0, 1.0, 2.0], "episode_types": ["t", "t", "t", "t", "t", "t", "t", "t", "t", "t", "t", "t", "t", "t", "t", "t", "t", "t", "t", "t", "t", "t", "t", "t", "t", "t", "t", "t", "t", "t", "t", "t", "t", "t", "t", "t", "t", "t", "t", "t", "t", "t", "t", "t", "t", "t", "t", "t", "t", "t"]}